Full,Industry,Jobs
United States,Employment by place of work,
United States,Total employment (number of jobs),212442000
United States,By industry,
United States,  Farm employment,2567000
United States,"      Forestry, fishing, and related activities",966800
United States,"      Mining, quarrying, and oil and gas extraction",1050200
United States,      Utilities,605600
United States,      Construction,11867800
United States,      Manufacturing,13523700
United States,      Wholesale trade,6757300
United States,      Retail trade,19510300
United States,      Transportation and warehousing,11473500
United States,      Information,3861900
United States,      Finance and insurance,12982300
United States,      Real estate and rental and leasing,11832200
United States,"      Professional, scientific, and technical services",15978400
United States,      Management of companies and enterprises,2953800
United States,      Administrative and support and waste management and remediation services,13058300
United States,      Educational services,4885700
United States,      Health care and social assistance,23545500
United States,"      Arts, entertainment, and recreation",4457300
United States,      Accommodation and food services,14750300
United States,      Other services (except government and government enterprises),11616100
United States,    Government and government enterprises,24198000
Alabama,Employment by place of work,
Alabama,Total employment (number of jobs),2869931
Alabama,By industry,
Alabama,  Farm employment,41204
Alabama,"      Forestry, fishing, and related activities",15615
Alabama,"      Mining, quarrying, and oil and gas extraction",8825
Alabama,      Utilities,13475
Alabama,      Construction,165585
Alabama,      Manufacturing,284309
Alabama,      Wholesale trade,87542
Alabama,      Retail trade,296118
Alabama,      Transportation and warehousing,125376
Alabama,      Information,30080
Alabama,      Finance and insurance,135312
Alabama,      Real estate and rental and leasing,145517
Alabama,"      Professional, scientific, and technical services",175579
Alabama,      Management of companies and enterprises,20866
Alabama,      Administrative and support and waste management and remediation services,194542
Alabama,      Educational services,40314
Alabama,      Health care and social assistance,262878
Alabama,"      Arts, entertainment, and recreation",41767
Alabama,      Accommodation and food services,196421
Alabama,      Other services (except government and government enterprises),180860
Alabama,    Government and government enterprises,407746
Alaska,Employment by place of work,
Alaska,Total employment (number of jobs),457687
Alaska,By industry,
Alaska,  Farm employment,1492
Alaska,"      Forestry, fishing, and related activities",10179
Alaska,"      Mining, quarrying, and oil and gas extraction",13389
Alaska,      Utilities,2643
Alaska,      Construction,23551
Alaska,      Manufacturing,14642
Alaska,      Wholesale trade,7362
Alaska,      Retail trade,43074
Alaska,      Transportation and warehousing,29850
Alaska,      Information,6406
Alaska,      Finance and insurance,13062
Alaska,      Real estate and rental and leasing,20473
Alaska,"      Professional, scientific, and technical services",23740
Alaska,      Management of companies and enterprises,3882
Alaska,      Administrative and support and waste management and remediation services,17048
Alaska,      Educational services,5721
Alaska,      Health care and social assistance,52932
Alaska,"      Arts, entertainment, and recreation",10251
Alaska,      Accommodation and food services,34711
Alaska,      Other services (except government and government enterprises),20911
Alaska,    Government and government enterprises,102368
Arizona,Employment by place of work,
Arizona,Total employment (number of jobs),4287595
Arizona,By industry,
Arizona,  Farm employment,27735
Arizona,"      Forestry, fishing, and related activities",14280
Arizona,"      Mining, quarrying, and oil and gas extraction",20295
Arizona,      Utilities,12818
Arizona,      Construction,270022
Arizona,      Manufacturing,204725
Arizona,      Wholesale trade,126540
Arizona,      Retail trade,422975
Arizona,      Transportation and warehousing,240127
Arizona,      Information,66692
Arizona,      Finance and insurance,309879
Arizona,      Real estate and rental and leasing,272829
Arizona,"      Professional, scientific, and technical services",289301
Arizona,      Management of companies and enterprises,53464
Arizona,      Administrative and support and waste management and remediation services,322974
Arizona,      Educational services,92109
Arizona,      Health care and social assistance,476659
Arizona,"      Arts, entertainment, and recreation",85991
Arizona,      Accommodation and food services,317706
Arizona,      Other services (except government and government enterprises),214742
Arizona,    Government and government enterprises,445732
Arkansas,Employment by place of work,
Arkansas,Total employment (number of jobs),1755536
Arkansas,By industry,
Arkansas,  Farm employment,52590
Arkansas,"      Forestry, fishing, and related activities",14226
Arkansas,"      Mining, quarrying, and oil and gas extraction",10065
Arkansas,      Utilities,8090
Arkansas,      Construction,102565
Arkansas,      Manufacturing,168636
Arkansas,      Wholesale trade,56945
Arkansas,      Retail trade,176418
Arkansas,      Transportation and warehousing,91558
Arkansas,      Information,18081
Arkansas,      Finance and insurance,77180
Arkansas,      Real estate and rental and leasing,80147
Arkansas,"      Professional, scientific, and technical services",76760
Arkansas,      Management of companies and enterprises,39794
Arkansas,      Administrative and support and waste management and remediation services,99034
Arkansas,      Educational services,23608
Arkansas,      Health care and social assistance,197663
Arkansas,"      Arts, entertainment, and recreation",24216
Arkansas,      Accommodation and food services,121494
Arkansas,      Other services (except government and government enterprises),95794
Arkansas,    Government and government enterprises,220672
California,Employment by place of work,
California,Total employment (number of jobs),25300974
California,By industry,
California,  Farm employment,228186
California,"      Forestry, fishing, and related activities",259767
California,"      Mining, quarrying, and oil and gas extraction",36926
California,      Utilities,67516
California,      Construction,1259662
California,      Manufacturing,1419413
California,      Wholesale trade,773657
California,      Retail trade,2090805
California,      Transportation and warehousing,1474413
California,      Information,727797
California,      Finance and insurance,1318004
California,      Real estate and rental and leasing,1454721
California,"      Professional, scientific, and technical services",2231632
California,      Management of companies and enterprises,284267
California,      Administrative and support and waste management and remediation services,1581853
California,      Educational services,554586
California,      Health care and social assistance,2942827
California,"      Arts, entertainment, and recreation",617031
California,      Accommodation and food services,1775446
California,      Other services (except government and government enterprises),1423034
California,    Government and government enterprises,2779431
Colorado,Employment by place of work,
Colorado,Total employment (number of jobs),4187944
Colorado,By industry,
Colorado,  Farm employment,49226
Colorado,"      Forestry, fishing, and related activities",13906
Colorado,"      Mining, quarrying, and oil and gas extraction",43512
Colorado,      Utilities,9613
Colorado,      Construction,279748
Colorado,      Manufacturing,169226
Colorado,      Wholesale trade,129913
Colorado,      Retail trade,347400
Colorado,      Transportation and warehousing,196383
Colorado,      Information,99290
Colorado,      Finance and insurance,282960
Colorado,      Real estate and rental and leasing,280499
Colorado,"      Professional, scientific, and technical services",418902
Colorado,      Management of companies and enterprises,54843
Colorado,      Administrative and support and waste management and remediation services,219213
Colorado,      Educational services,83722
Colorado,      Health care and social assistance,367415
Colorado,"      Arts, entertainment, and recreation",107437
Colorado,      Accommodation and food services,305534
Colorado,      Other services (except government and government enterprises),211741
Colorado,    Government and government enterprises,517461
Connecticut,Employment by place of work,
Connecticut,Total employment (number of jobs),2391946
Connecticut,By industry,
Connecticut,  Farm employment,9738
Connecticut,"      Forestry, fishing, and related activities",2197
Connecticut,"      Mining, quarrying, and oil and gas extraction",2198
Connecticut,      Utilities,5627
Connecticut,      Construction,118770
Connecticut,      Manufacturing,165442
Connecticut,      Wholesale trade,69512
Connecticut,      Retail trade,210850
Connecticut,      Transportation and warehousing,108315
Connecticut,      Information,40949
Connecticut,      Finance and insurance,224143
Connecticut,      Real estate and rental and leasing,147423
Connecticut,"      Professional, scientific, and technical services",170763
Connecticut,      Management of companies and enterprises,36844
Connecticut,      Administrative and support and waste management and remediation services,125296
Connecticut,      Educational services,93478
Connecticut,      Health care and social assistance,315047
Connecticut,"      Arts, entertainment, and recreation",52697
Connecticut,      Accommodation and food services,136689
Connecticut,      Other services (except government and government enterprises),115869
Connecticut,    Government and government enterprises,240099
Delaware,Employment by place of work,
Delaware,Total employment (number of jobs),651224
Delaware,By industry,
Delaware,  Farm employment,3205
Delaware,"      Forestry, fishing, and related activities",1145
Delaware,"      Mining, quarrying, and oil and gas extraction",314
Delaware,      Utilities,2145
Delaware,      Construction,35183
Delaware,      Manufacturing,27851
Delaware,      Wholesale trade,14387
Delaware,      Retail trade,62076
Delaware,      Transportation and warehousing,39442
Delaware,      Information,6494
Delaware,      Finance and insurance,76624
Delaware,      Real estate and rental and leasing,37989
Delaware,"      Professional, scientific, and technical services",41198
Delaware,      Management of companies and enterprises,11430
Delaware,      Administrative and support and waste management and remediation services,39465
Delaware,      Educational services,9169
Delaware,      Health care and social assistance,78600
Delaware,"      Arts, entertainment, and recreation",14511
Delaware,      Accommodation and food services,44840
Delaware,      Other services (except government and government enterprises),28664
Delaware,    Government and government enterprises,76492
District of Columbia,Employment by place of work,
District of Columbia,Total employment (number of jobs),904759
District of Columbia,By industry,
District of Columbia,  Farm employment,0
District of Columbia,"      Forestry, fishing, and related activities",(D)
District of Columbia,"      Mining, quarrying, and oil and gas extraction",226
District of Columbia,      Utilities,2268
District of Columbia,      Construction,18852
District of Columbia,      Manufacturing,(D)
District of Columbia,      Wholesale trade,5966
District of Columbia,      Retail trade,25358
District of Columbia,      Transportation and warehousing,12534
District of Columbia,      Information,23630
District of Columbia,      Finance and insurance,34760
District of Columbia,      Real estate and rental and leasing,35820
District of Columbia,"      Professional, scientific, and technical services",151816
District of Columbia,      Management of companies and enterprises,4333
District of Columbia,      Administrative and support and waste management and remediation services,52111
District of Columbia,      Educational services,54388
District of Columbia,      Health care and social assistance,72723
District of Columbia,"      Arts, entertainment, and recreation",16113
District of Columbia,      Accommodation and food services,62847
District of Columbia,      Other services (except government and government enterprises),80259
District of Columbia,    Government and government enterprises,248807
Florida,Employment by place of work,
Florida,Total employment (number of jobs),14227252
Florida,By industry,
Florida,  Farm employment,69807
Florida,"      Forestry, fishing, and related activities",62725
Florida,"      Mining, quarrying, and oil and gas extraction",17175
Florida,      Utilities,27867
Florida,      Construction,887971
Florida,      Manufacturing,457131
Florida,      Wholesale trade,447827
Florida,      Retail trade,1378095
Florida,      Transportation and warehousing,835313
Florida,      Information,212989
Florida,      Finance and insurance,1038373
Florida,      Real estate and rental and leasing,1057272
Florida,"      Professional, scientific, and technical services",1109022
Florida,      Management of companies and enterprises,178748
Florida,      Administrative and support and waste management and remediation services,1125898
Florida,      Educational services,260535
Florida,      Health care and social assistance,1483472
Florida,"      Arts, entertainment, and recreation",376976
Florida,      Accommodation and food services,1099925
Florida,      Other services (except government and government enterprises),905527
Florida,    Government and government enterprises,1194604
Georgia,Employment by place of work,
Georgia,Total employment (number of jobs),6971461
Georgia,By industry,
Georgia,  Farm employment,57015
Georgia,"      Forestry, fishing, and related activities",26121
Georgia,"      Mining, quarrying, and oil and gas extraction",9318
Georgia,      Utilities,21583
Georgia,      Construction,388426
Georgia,      Manufacturing,446773
Georgia,      Wholesale trade,249085
Georgia,      Retail trade,658170
Georgia,      Transportation and warehousing,454899
Georgia,      Information,162140
Georgia,      Finance and insurance,380470
Georgia,      Real estate and rental and leasing,366520
Georgia,"      Professional, scientific, and technical services",506412
Georgia,      Management of companies and enterprises,98975
Georgia,      Administrative and support and waste management and remediation services,559917
Georgia,      Educational services,141074
Georgia,      Health care and social assistance,630643
Georgia,"      Arts, entertainment, and recreation",128625
Georgia,      Accommodation and food services,486856
Georgia,      Other services (except government and government enterprises),429942
Georgia,    Government and government enterprises,768497
Hawaii,Employment by place of work,
Hawaii,Total employment (number of jobs),903622
Hawaii,By industry,
Hawaii,  Farm employment,11581
Hawaii,"      Forestry, fishing, and related activities",4103
Hawaii,"      Mining, quarrying, and oil and gas extraction",701
Hawaii,      Utilities,4053
Hawaii,      Construction,49266
Hawaii,      Manufacturing,16262
Hawaii,      Wholesale trade,21689
Hawaii,      Retail trade,84308
Hawaii,      Transportation and warehousing,44365
Hawaii,      Information,11019
Hawaii,      Finance and insurance,35782
Hawaii,      Real estate and rental and leasing,53091
Hawaii,"      Professional, scientific, and technical services",49890
Hawaii,      Management of companies and enterprises,9533
Hawaii,      Administrative and support and waste management and remediation services,51727
Hawaii,      Educational services,20474
Hawaii,      Health care and social assistance,85954
Hawaii,"      Arts, entertainment, and recreation",21848
Hawaii,      Accommodation and food services,106374
Hawaii,      Other services (except government and government enterprises),49120
Hawaii,    Government and government enterprises,172482
Idaho,Employment by place of work,
Idaho,Total employment (number of jobs),1190624
Idaho,By industry,
Idaho,  Farm employment,40378
Idaho,"      Forestry, fishing, and related activities",13753
Idaho,"      Mining, quarrying, and oil and gas extraction",4833
Idaho,      Utilities,3415
Idaho,      Construction,93405
Idaho,      Manufacturing,79937
Idaho,      Wholesale trade,38945
Idaho,      Retail trade,122917
Idaho,      Transportation and warehousing,50967
Idaho,      Information,12888
Idaho,      Finance and insurance,57109
Idaho,      Real estate and rental and leasing,73842
Idaho,"      Professional, scientific, and technical services",77793
Idaho,      Management of companies and enterprises,11008
Idaho,      Administrative and support and waste management and remediation services,65200
Idaho,      Educational services,26229
Idaho,      Health care and social assistance,120991
Idaho,"      Arts, entertainment, and recreation",24838
Idaho,      Accommodation and food services,81610
Idaho,      Other services (except government and government enterprises),55593
Idaho,    Government and government enterprises,134973
Illinois,Employment by place of work,
Illinois,Total employment (number of jobs),8094358
Illinois,By industry,
Illinois,  Farm employment,73287
Illinois,"      Forestry, fishing, and related activities",13095
Illinois,"      Mining, quarrying, and oil and gas extraction",17205
Illinois,      Utilities,24907
Illinois,      Construction,346844
Illinois,      Manufacturing,588841
Illinois,      Wholesale trade,321423
Illinois,      Retail trade,721799
Illinois,      Transportation and warehousing,526137
Illinois,      Information,121445
Illinois,      Finance and insurance,586256
Illinois,      Real estate and rental and leasing,381470
Illinois,"      Professional, scientific, and technical services",625404
Illinois,      Management of companies and enterprises,95776
Illinois,      Administrative and support and waste management and remediation services,561252
Illinois,      Educational services,209753
Illinois,      Health care and social assistance,894209
Illinois,"      Arts, entertainment, and recreation",159490
Illinois,      Accommodation and food services,526797
Illinois,      Other services (except government and government enterprises),457843
Illinois,    Government and government enterprises,841125
Indiana,Employment by place of work,
Indiana,Total employment (number of jobs),4140665
Indiana,By industry,
Indiana,  Farm employment,57327
Indiana,"      Forestry, fishing, and related activities",10180
Indiana,"      Mining, quarrying, and oil and gas extraction",10180
Indiana,      Utilities,13595
Indiana,      Construction,230173
Indiana,      Manufacturing,557860
Indiana,      Wholesale trade,141404
Indiana,      Retail trade,393058
Indiana,      Transportation and warehousing,254558
Indiana,      Information,39871
Indiana,      Finance and insurance,182354
Indiana,      Real estate and rental and leasing,182215
Indiana,"      Professional, scientific, and technical services",213438
Indiana,      Management of companies and enterprises,41114
Indiana,      Administrative and support and waste management and remediation services,246351
Indiana,      Educational services,88246
Indiana,      Health care and social assistance,459819
Indiana,"      Arts, entertainment, and recreation",70508
Indiana,      Accommodation and food services,285029
Indiana,      Other services (except government and government enterprises),232668
Indiana,    Government and government enterprises,430717
Iowa,Employment by place of work,
Iowa,Total employment (number of jobs),2113995
Iowa,By industry,
Iowa,  Farm employment,89652
Iowa,"      Forestry, fishing, and related activities",17052
Iowa,"      Mining, quarrying, and oil and gas extraction",3480
Iowa,      Utilities,6123
Iowa,      Construction,122748
Iowa,      Manufacturing,229880
Iowa,      Wholesale trade,72724
Iowa,      Retail trade,216438
Iowa,      Transportation and warehousing,97385
Iowa,      Information,26000
Iowa,      Finance and insurance,148523
Iowa,      Real estate and rental and leasing,91759
Iowa,"      Professional, scientific, and technical services",86815
Iowa,      Management of companies and enterprises,26664
Iowa,      Administrative and support and waste management and remediation services,88801
Iowa,      Educational services,42971
Iowa,      Health care and social assistance,210890
Iowa,"      Arts, entertainment, and recreation",35650
Iowa,      Accommodation and food services,126731
Iowa,      Other services (except government and government enterprises),104116
Iowa,    Government and government enterprises,269593
Kansas,Employment by place of work,
Kansas,Total employment (number of jobs),1982258
Kansas,By industry,
Kansas,  Farm employment,61129
Kansas,"      Forestry, fishing, and related activities",11727
Kansas,"      Mining, quarrying, and oil and gas extraction",32913
Kansas,      Utilities,6308
Kansas,      Construction,98664
Kansas,      Manufacturing,175340
Kansas,      Wholesale trade,63964
Kansas,      Retail trade,178827
Kansas,      Transportation and warehousing,98726
Kansas,      Information,23778
Kansas,      Finance and insurance,116460
Kansas,      Real estate and rental and leasing,87841
Kansas,"      Professional, scientific, and technical services",114830
Kansas,      Management of companies and enterprises,26274
Kansas,      Administrative and support and waste management and remediation services,105189
Kansas,      Educational services,28790
Kansas,      Health care and social assistance,208635
Kansas,"      Arts, entertainment, and recreation",31937
Kansas,      Accommodation and food services,121470
Kansas,      Other services (except government and government enterprises),97044
Kansas,    Government and government enterprises,292412
Kentucky,Employment by place of work,
Kentucky,Total employment (number of jobs),2658979
Kentucky,By industry,
Kentucky,  Farm employment,82385
Kentucky,"      Forestry, fishing, and related activities",13745
Kentucky,"      Mining, quarrying, and oil and gas extraction",13356
Kentucky,      Utilities,7173
Kentucky,      Construction,139213
Kentucky,      Manufacturing,260282
Kentucky,      Wholesale trade,85568
Kentucky,      Retail trade,258504
Kentucky,      Transportation and warehousing,181219
Kentucky,      Information,28919
Kentucky,      Finance and insurance,122273
Kentucky,      Real estate and rental and leasing,116545
Kentucky,"      Professional, scientific, and technical services",128994
Kentucky,      Management of companies and enterprises,25876
Kentucky,      Administrative and support and waste management and remediation services,159649
Kentucky,      Educational services,39309
Kentucky,      Health care and social assistance,290694
Kentucky,"      Arts, entertainment, and recreation",43132
Kentucky,      Accommodation and food services,185894
Kentucky,      Other services (except government and government enterprises),133945
Kentucky,    Government and government enterprises,342304
Louisiana,Employment by place of work,
Louisiana,Total employment (number of jobs),2784711
Louisiana,By industry,
Louisiana,  Farm employment,31968
Louisiana,"      Forestry, fishing, and related activities",17431
Louisiana,"      Mining, quarrying, and oil and gas extraction",48761
Louisiana,      Utilities,8683
Louisiana,      Construction,199172
Louisiana,      Manufacturing,144855
Louisiana,      Wholesale trade,76747
Louisiana,      Retail trade,280962
Louisiana,      Transportation and warehousing,131053
Louisiana,      Information,32275
Louisiana,      Finance and insurance,129595
Louisiana,      Real estate and rental and leasing,148136
Louisiana,"      Professional, scientific, and technical services",156931
Louisiana,      Management of companies and enterprises,28666
Louisiana,      Administrative and support and waste management and remediation services,173793
Louisiana,      Educational services,62217
Louisiana,      Health care and social assistance,329370
Louisiana,"      Arts, entertainment, and recreation",49549
Louisiana,      Accommodation and food services,214690
Louisiana,      Other services (except government and government enterprises),177111
Louisiana,    Government and government enterprises,342746
Maine,Employment by place of work,
Maine,Total employment (number of jobs),877326
Maine,By industry,
Maine,  Farm employment,10656
Maine,"      Forestry, fishing, and related activities",13977
Maine,"      Mining, quarrying, and oil and gas extraction",(D)
Maine,      Utilities,(D)
Maine,      Construction,61140
Maine,      Manufacturing,59146
Maine,      Wholesale trade,23027
Maine,      Retail trade,100150
Maine,      Transportation and warehousing,27392
Maine,      Information,10541
Maine,      Finance and insurance,38766
Maine,      Real estate and rental and leasing,46008
Maine,"      Professional, scientific, and technical services",54487
Maine,      Management of companies and enterprises,16455
Maine,      Administrative and support and waste management and remediation services,42880
Maine,      Educational services,22776
Maine,      Health care and social assistance,116644
Maine,"      Arts, entertainment, and recreation",21090
Maine,      Accommodation and food services,62060
Maine,      Other services (except government and government enterprises),42134
Maine,    Government and government enterprises,105199
Maryland,Employment by place of work,
Maryland,Total employment (number of jobs),3886891
Maryland,By industry,
Maryland,  Farm employment,17072
Maryland,"      Forestry, fishing, and related activities",6899
Maryland,"      Mining, quarrying, and oil and gas extraction",3029
Maryland,      Utilities,10831
Maryland,      Construction,247436
Maryland,      Manufacturing,121968
Maryland,      Wholesale trade,95229
Maryland,      Retail trade,351570
Maryland,      Transportation and warehousing,222118
Maryland,      Information,53614
Maryland,      Finance and insurance,197294
Maryland,      Real estate and rental and leasing,220794
Maryland,"      Professional, scientific, and technical services",401156
Maryland,      Management of companies and enterprises,32340
Maryland,      Administrative and support and waste management and remediation services,243224
Maryland,      Educational services,109076
Maryland,      Health care and social assistance,442319
Maryland,"      Arts, entertainment, and recreation",82875
Maryland,      Accommodation and food services,235416
Maryland,      Other services (except government and government enterprises),216029
Maryland,    Government and government enterprises,576602
Massachusetts,Employment by place of work,
Massachusetts,Total employment (number of jobs),5002244
Massachusetts,By industry,
Massachusetts,  Farm employment,10562
Massachusetts,"      Forestry, fishing, and related activities",9947
Massachusetts,"      Mining, quarrying, and oil and gas extraction",2417
Massachusetts,      Utilities,14683
Massachusetts,      Construction,271727
Massachusetts,      Manufacturing,251159
Massachusetts,      Wholesale trade,143178
Massachusetts,      Retail trade,425429
Massachusetts,      Transportation and warehousing,202629
Massachusetts,      Information,118546
Massachusetts,      Finance and insurance,338922
Massachusetts,      Real estate and rental and leasing,259463
Massachusetts,"      Professional, scientific, and technical services",541948
Massachusetts,      Management of companies and enterprises,72552
Massachusetts,      Administrative and support and waste management and remediation services,256299
Massachusetts,      Educational services,253592
Massachusetts,      Health care and social assistance,702675
Massachusetts,"      Arts, entertainment, and recreation",117770
Massachusetts,      Accommodation and food services,308854
Massachusetts,      Other services (except government and government enterprises),237506
Massachusetts,    Government and government enterprises,462386
Michigan,Employment by place of work,
Michigan,Total employment (number of jobs),5864009
Michigan,By industry,
Michigan,  Farm employment,61897
Michigan,"      Forestry, fishing, and related activities",18229
Michigan,"      Mining, quarrying, and oil and gas extraction",12549
Michigan,      Utilities,22063
Michigan,      Construction,296316
Michigan,      Manufacturing,634026
Michigan,      Wholesale trade,192787
Michigan,      Retail trade,566331
Michigan,      Transportation and warehousing,273225
Michigan,      Information,75340
Michigan,      Finance and insurance,306946
Michigan,      Real estate and rental and leasing,312272
Michigan,"      Professional, scientific, and technical services",446745
Michigan,      Management of companies and enterprises,82941
Michigan,      Administrative and support and waste management and remediation services,365205
Michigan,      Educational services,102156
Michigan,      Health care and social assistance,670851
Michigan,"      Arts, entertainment, and recreation",105136
Michigan,      Accommodation and food services,387779
Michigan,      Other services (except government and government enterprises),333306
Michigan,    Government and government enterprises,597909
Minnesota,Employment by place of work,
Minnesota,Total employment (number of jobs),3844786
Minnesota,By industry,
Minnesota,  Farm employment,77286
Minnesota,"      Forestry, fishing, and related activities",14533
Minnesota,"      Mining, quarrying, and oil and gas extraction",9018
Minnesota,      Utilities,13379
Minnesota,      Construction,194757
Minnesota,      Manufacturing,337869
Minnesota,      Wholesale trade,143288
Minnesota,      Retail trade,352249
Minnesota,      Transportation and warehousing,180676
Minnesota,      Information,56775
Minnesota,      Finance and insurance,246485
Minnesota,      Real estate and rental and leasing,180445
Minnesota,"      Professional, scientific, and technical services",251191
Minnesota,      Management of companies and enterprises,93122
Minnesota,      Administrative and support and waste management and remediation services,170501
Minnesota,      Educational services,90674
Minnesota,      Health care and social assistance,512066
Minnesota,"      Arts, entertainment, and recreation",87031
Minnesota,      Accommodation and food services,227105
Minnesota,      Other services (except government and government enterprises),191625
Minnesota,    Government and government enterprises,414711
Mississippi,Employment by place of work,
Mississippi,Total employment (number of jobs),1674142
Mississippi,By industry,
Mississippi,  Farm employment,38095
Mississippi,"      Forestry, fishing, and related activities",14640
Mississippi,"      Mining, quarrying, and oil and gas extraction",9364
Mississippi,      Utilities,8337
Mississippi,      Construction,91886
Mississippi,      Manufacturing,154424
Mississippi,      Wholesale trade,41465
Mississippi,      Retail trade,175964
Mississippi,      Transportation and warehousing,90188
Mississippi,      Information,15172
Mississippi,      Finance and insurance,67628
Mississippi,      Real estate and rental and leasing,67266
Mississippi,"      Professional, scientific, and technical services",66578
Mississippi,      Management of companies and enterprises,13852
Mississippi,      Administrative and support and waste management and remediation services,112447
Mississippi,      Educational services,24174
Mississippi,      Health care and social assistance,162734
Mississippi,"      Arts, entertainment, and recreation",20234
Mississippi,      Accommodation and food services,137943
Mississippi,      Other services (except government and government enterprises),101546
Mississippi,    Government and government enterprises,260205
Missouri,Employment by place of work,
Missouri,Total employment (number of jobs),3934395
Missouri,By industry,
Missouri,  Farm employment,93207
Missouri,"      Forestry, fishing, and related activities",14994
Missouri,"      Mining, quarrying, and oil and gas extraction",7921
Missouri,      Utilities,12203
Missouri,      Construction,216462
Missouri,      Manufacturing,295203
Missouri,      Wholesale trade,138827
Missouri,      Retail trade,386934
Missouri,      Transportation and warehousing,189914
Missouri,      Information,59870
Missouri,      Finance and insurance,236768
Missouri,      Real estate and rental and leasing,204471
Missouri,"      Professional, scientific, and technical services",243353
Missouri,      Management of companies and enterprises,65992
Missouri,      Administrative and support and waste management and remediation services,204765
Missouri,      Educational services,95612
Missouri,      Health care and social assistance,454774
Missouri,"      Arts, entertainment, and recreation",75450
Missouri,      Accommodation and food services,275193
Missouri,      Other services (except government and government enterprises),212103
Missouri,    Government and government enterprises,450379
Montana,Employment by place of work,
Montana,Total employment (number of jobs),746194
Montana,By industry,
Montana,  Farm employment,29362
Montana,"      Forestry, fishing, and related activities",8696
Montana,"      Mining, quarrying, and oil and gas extraction",10492
Montana,      Utilities,2980
Montana,      Construction,58126
Montana,      Manufacturing,26340
Montana,      Wholesale trade,20938
Montana,      Retail trade,78138
Montana,      Transportation and warehousing,26356
Montana,      Information,8567
Montana,      Finance and insurance,33540
Montana,      Real estate and rental and leasing,51625
Montana,"      Professional, scientific, and technical services",46837
Montana,      Management of companies and enterprises,2860
Montana,      Administrative and support and waste management and remediation services,30432
Montana,      Educational services,10118
Montana,      Health care and social assistance,80504
Montana,"      Arts, entertainment, and recreation",21602
Montana,      Accommodation and food services,64425
Montana,      Other services (except government and government enterprises),37765
Montana,    Government and government enterprises,96491
Nebraska,Employment by place of work,
Nebraska,Total employment (number of jobs),1372111
Nebraska,By industry,
Nebraska,  Farm employment,52319
Nebraska,"      Forestry, fishing, and related activities",12037
Nebraska,"      Mining, quarrying, and oil and gas extraction",2593
Nebraska,      Utilities,1276
Nebraska,      Construction,83949
Nebraska,      Manufacturing,106951
Nebraska,      Wholesale trade,44020
Nebraska,      Retail trade,131210
Nebraska,      Transportation and warehousing,72404
Nebraska,      Information,22094
Nebraska,      Finance and insurance,92885
Nebraska,      Real estate and rental and leasing,65568
Nebraska,"      Professional, scientific, and technical services",71021
Nebraska,      Management of companies and enterprises,22445
Nebraska,      Administrative and support and waste management and remediation services,67372
Nebraska,      Educational services,24777
Nebraska,      Health care and social assistance,146290
Nebraska,"      Arts, entertainment, and recreation",25512
Nebraska,      Accommodation and food services,83739
Nebraska,      Other services (except government and government enterprises),70228
Nebraska,    Government and government enterprises,173421
Nevada,Employment by place of work,
Nevada,Total employment (number of jobs),2061871
Nevada,By industry,
Nevada,  Farm employment,5208
Nevada,"      Forestry, fishing, and related activities",2214
Nevada,"      Mining, quarrying, and oil and gas extraction",19165
Nevada,      Utilities,4612
Nevada,      Construction,129422
Nevada,      Manufacturing,71259
Nevada,      Wholesale trade,48807
Nevada,      Retail trade,191956
Nevada,      Transportation and warehousing,153001
Nevada,      Information,25517
Nevada,      Finance and insurance,122182
Nevada,      Real estate and rental and leasing,130455
Nevada,"      Professional, scientific, and technical services",121060
Nevada,      Management of companies and enterprises,37971
Nevada,      Administrative and support and waste management and remediation services,146587
Nevada,      Educational services,23945
Nevada,      Health care and social assistance,170804
Nevada,"      Arts, entertainment, and recreation",61968
Nevada,      Accommodation and food services,314012
Nevada,      Other services (except government and government enterprises),99734
Nevada,    Government and government enterprises,181992
New Hampshire,Employment by place of work,
New Hampshire,Total employment (number of jobs),933022
New Hampshire,By industry,
New Hampshire,  Farm employment,5194
New Hampshire,"      Forestry, fishing, and related activities",2788
New Hampshire,"      Mining, quarrying, and oil and gas extraction",1278
New Hampshire,      Utilities,2272
New Hampshire,      Construction,58058
New Hampshire,      Manufacturing,74062
New Hampshire,      Wholesale trade,35261
New Hampshire,      Retail trade,109329
New Hampshire,      Transportation and warehousing,28866
New Hampshire,      Information,16356
New Hampshire,      Finance and insurance,51078
New Hampshire,      Real estate and rental and leasing,51578
New Hampshire,"      Professional, scientific, and technical services",75600
New Hampshire,      Management of companies and enterprises,11786
New Hampshire,      Administrative and support and waste management and remediation services,51183
New Hampshire,      Educational services,32514
New Hampshire,      Health care and social assistance,104147
New Hampshire,"      Arts, entertainment, and recreation",23547
New Hampshire,      Accommodation and food services,63441
New Hampshire,      Other services (except government and government enterprises),45029
New Hampshire,    Government and government enterprises,89655
New Jersey,Employment by place of work,
New Jersey,Total employment (number of jobs),5905843
New Jersey,By industry,
New Jersey,  Farm employment,16473
New Jersey,"      Forestry, fishing, and related activities",6743
New Jersey,"      Mining, quarrying, and oil and gas extraction",3170
New Jersey,      Utilities,16161
New Jersey,      Construction,268659
New Jersey,      Manufacturing,266311
New Jersey,      Wholesale trade,243182
New Jersey,      Retail trade,537971
New Jersey,      Transportation and warehousing,395256
New Jersey,      Information,100988
New Jersey,      Finance and insurance,427219
New Jersey,      Real estate and rental and leasing,439646
New Jersey,"      Professional, scientific, and technical services",514908
New Jersey,      Management of companies and enterprises,98701
New Jersey,      Administrative and support and waste management and remediation services,374440
New Jersey,      Educational services,140611
New Jersey,      Health care and social assistance,690660
New Jersey,"      Arts, entertainment, and recreation",121058
New Jersey,      Accommodation and food services,348849
New Jersey,      Other services (except government and government enterprises),298534
New Jersey,    Government and government enterprises,596303
New Mexico,Employment by place of work,
New Mexico,Total employment (number of jobs),1139488
New Mexico,By industry,
New Mexico,  Farm employment,26416
New Mexico,"      Forestry, fishing, and related activities",6223
New Mexico,"      Mining, quarrying, and oil and gas extraction",28039
New Mexico,      Utilities,4476
New Mexico,      Construction,67735
New Mexico,      Manufacturing,33829
New Mexico,      Wholesale trade,25062
New Mexico,      Retail trade,112166
New Mexico,      Transportation and warehousing,44779
New Mexico,      Information,15066
New Mexico,      Finance and insurance,41302
New Mexico,      Real estate and rental and leasing,49032
New Mexico,"      Professional, scientific, and technical services",89859
New Mexico,      Management of companies and enterprises,6774
New Mexico,      Administrative and support and waste management and remediation services,60204
New Mexico,      Educational services,17553
New Mexico,      Health care and social assistance,139389
New Mexico,"      Arts, entertainment, and recreation",24196
New Mexico,      Accommodation and food services,92244
New Mexico,      Other services (except government and government enterprises),55225
New Mexico,    Government and government enterprises,199919
New York,Employment by place of work,
New York,Total employment (number of jobs),12892046
New York,By industry,
New York,  Farm employment,52933
New York,"      Forestry, fishing, and related activities",14365
New York,"      Mining, quarrying, and oil and gas extraction",10882
New York,      Utilities,40033
New York,      Construction,553456
New York,      Manufacturing,454887
New York,      Wholesale trade,357206
New York,      Retail trade,1025204
New York,      Transportation and warehousing,601772
New York,      Information,350619
New York,      Finance and insurance,1129778
New York,      Real estate and rental and leasing,877036
New York,"      Professional, scientific, and technical services",1067137
New York,      Management of companies and enterprises,173339
New York,      Administrative and support and waste management and remediation services,644088
New York,      Educational services,480451
New York,      Health care and social assistance,1845408
New York,"      Arts, entertainment, and recreation",327119
New York,      Accommodation and food services,779492
New York,      Other services (except government and government enterprises),665732
New York,    Government and government enterprises,1441109
North Carolina,Employment by place of work,
North Carolina,Total employment (number of jobs),6602041
North Carolina,By industry,
North Carolina,  Farm employment,62960
North Carolina,"      Forestry, fishing, and related activities",25172
North Carolina,"      Mining, quarrying, and oil and gas extraction",6714
North Carolina,      Utilities,16459
North Carolina,      Construction,408393
North Carolina,      Manufacturing,495718
North Carolina,      Wholesale trade,224918
North Carolina,      Retail trade,639971
North Carolina,      Transportation and warehousing,311025
North Carolina,      Information,104891
North Carolina,      Finance and insurance,370626
North Carolina,      Real estate and rental and leasing,359328
North Carolina,"      Professional, scientific, and technical services",469144
North Carolina,      Management of companies and enterprises,92864
North Carolina,      Administrative and support and waste management and remediation services,462307
North Carolina,      Educational services,146389
North Carolina,      Health care and social assistance,613981
North Carolina,"      Arts, entertainment, and recreation",134387
North Carolina,      Accommodation and food services,464937
North Carolina,      Other services (except government and government enterprises),358341
North Carolina,    Government and government enterprises,833516
North Dakota,Employment by place of work,
North Dakota,Total employment (number of jobs),587819
North Dakota,By industry,
North Dakota,  Farm employment,29970
North Dakota,"      Forestry, fishing, and related activities",5228
North Dakota,"      Mining, quarrying, and oil and gas extraction",21569
North Dakota,      Utilities,3319
North Dakota,      Construction,35016
North Dakota,      Manufacturing,28936
North Dakota,      Wholesale trade,24790
North Dakota,      Retail trade,56639
North Dakota,      Transportation and warehousing,27483
North Dakota,      Information,7217
North Dakota,      Finance and insurance,30381
North Dakota,      Real estate and rental and leasing,30777
North Dakota,"      Professional, scientific, and technical services",24339
North Dakota,      Management of companies and enterprises,4919
North Dakota,      Administrative and support and waste management and remediation services,19006
North Dakota,      Educational services,7184
North Dakota,      Health care and social assistance,69472
North Dakota,"      Arts, entertainment, and recreation",10153
North Dakota,      Accommodation and food services,36039
North Dakota,      Other services (except government and government enterprises),26562
North Dakota,    Government and government enterprises,88820
Ohio,Employment by place of work,
Ohio,Total employment (number of jobs),7305177
Ohio,By industry,
Ohio,  Farm employment,82352
Ohio,"      Forestry, fishing, and related activities",16031
Ohio,"      Mining, quarrying, and oil and gas extraction",21374
Ohio,      Utilities,18700
Ohio,      Construction,374433
Ohio,      Manufacturing,713899
Ohio,      Wholesale trade,262256
Ohio,      Retail trade,679397
Ohio,      Transportation and warehousing,427615
Ohio,      Information,93128
Ohio,      Finance and insurance,412030
Ohio,      Real estate and rental and leasing,346409
Ohio,"      Professional, scientific, and technical services",433417
Ohio,      Management of companies and enterprises,150890
Ohio,      Administrative and support and waste management and remediation services,427579
Ohio,      Educational services,146698
Ohio,      Health care and social assistance,890100
Ohio,"      Arts, entertainment, and recreation",144046
Ohio,      Accommodation and food services,502271
Ohio,      Other services (except government and government enterprises),378777
Ohio,    Government and government enterprises,783775
Oklahoma,Employment by place of work,
Oklahoma,Total employment (number of jobs),2412886
Oklahoma,By industry,
Oklahoma,  Farm employment,83662
Oklahoma,"      Forestry, fishing, and related activities",12319
Oklahoma,"      Mining, quarrying, and oil and gas extraction",81302
Oklahoma,      Utilities,10086
Oklahoma,      Construction,136925
Oklahoma,      Manufacturing,138469
Oklahoma,      Wholesale trade,65115
Oklahoma,      Retail trade,233912
Oklahoma,      Transportation and warehousing,115289
Oklahoma,      Information,26942
Oklahoma,      Finance and insurance,127727
Oklahoma,      Real estate and rental and leasing,112416
Oklahoma,"      Professional, scientific, and technical services",127006
Oklahoma,      Management of companies and enterprises,27336
Oklahoma,      Administrative and support and waste management and remediation services,145001
Oklahoma,      Educational services,33360
Oklahoma,      Health care and social assistance,229223
Oklahoma,"      Arts, entertainment, and recreation",37030
Oklahoma,      Accommodation and food services,170209
Oklahoma,      Other services (except government and government enterprises),131727
Oklahoma,    Government and government enterprises,367830
Oregon,Employment by place of work,
Oregon,Total employment (number of jobs),2658285
Oregon,By industry,
Oregon,  Farm employment,57344
Oregon,"      Forestry, fishing, and related activities",32859
Oregon,"      Mining, quarrying, and oil and gas extraction",4621
Oregon,      Utilities,5299
Oregon,      Construction,153517
Oregon,      Manufacturing,206906
Oregon,      Wholesale trade,86064
Oregon,      Retail trade,264677
Oregon,      Transportation and warehousing,132623
Oregon,      Information,49275
Oregon,      Finance and insurance,108772
Oregon,      Real estate and rental and leasing,143199
Oregon,"      Professional, scientific, and technical services",187980
Oregon,      Management of companies and enterprises,52792
Oregon,      Administrative and support and waste management and remediation services,136310
Oregon,      Educational services,50885
Oregon,      Health care and social assistance,312843
Oregon,"      Arts, entertainment, and recreation",60435
Oregon,      Accommodation and food services,190276
Oregon,      Other services (except government and government enterprises),129476
Oregon,    Government and government enterprises,292132
Pennsylvania,Employment by place of work,
Pennsylvania,Total employment (number of jobs),7978320
Pennsylvania,By industry,
Pennsylvania,  Farm employment,67488
Pennsylvania,"      Forestry, fishing, and related activities",18898
Pennsylvania,"      Mining, quarrying, and oil and gas extraction",36139
Pennsylvania,      Utilities,24521
Pennsylvania,      Construction,403110
Pennsylvania,      Manufacturing,593364
Pennsylvania,      Wholesale trade,237235
Pennsylvania,      Retail trade,750503
Pennsylvania,      Transportation and warehousing,467975
Pennsylvania,      Information,116185
Pennsylvania,      Finance and insurance,482704
Pennsylvania,      Real estate and rental and leasing,392868
Pennsylvania,"      Professional, scientific, and technical services",571809
Pennsylvania,      Management of companies and enterprises,157263
Pennsylvania,      Administrative and support and waste management and remediation services,397761
Pennsylvania,      Educational services,308846
Pennsylvania,      Health care and social assistance,1131457
Pennsylvania,"      Arts, entertainment, and recreation",167526
Pennsylvania,      Accommodation and food services,484754
Pennsylvania,      Other services (except government and government enterprises),425127
Pennsylvania,    Government and government enterprises,742787
Rhode Island,Employment by place of work,
Rhode Island,Total employment (number of jobs),668802
Rhode Island,By industry,
Rhode Island,  Farm employment,1433
Rhode Island,"      Forestry, fishing, and related activities",1825
Rhode Island,"      Mining, quarrying, and oil and gas extraction",488
Rhode Island,      Utilities,2086
Rhode Island,      Construction,33648
Rhode Island,      Manufacturing,42341
Rhode Island,      Wholesale trade,18311
Rhode Island,      Retail trade,57822
Rhode Island,      Transportation and warehousing,27037
Rhode Island,      Information,8081
Rhode Island,      Finance and insurance,42642
Rhode Island,      Real estate and rental and leasing,37400
Rhode Island,"      Professional, scientific, and technical services",48213
Rhode Island,      Management of companies and enterprises,12473
Rhode Island,      Administrative and support and waste management and remediation services,37052
Rhode Island,      Educational services,33121
Rhode Island,      Health care and social assistance,88020
Rhode Island,"      Arts, entertainment, and recreation",15587
Rhode Island,      Accommodation and food services,53289
Rhode Island,      Other services (except government and government enterprises),34061
Rhode Island,    Government and government enterprises,73872
South Carolina,Employment by place of work,
South Carolina,Total employment (number of jobs),3067127
South Carolina,By industry,
South Carolina,  Farm employment,27503
South Carolina,"      Forestry, fishing, and related activities",12432
South Carolina,"      Mining, quarrying, and oil and gas extraction",3942
South Carolina,      Utilities,11614
South Carolina,      Construction,177652
South Carolina,      Manufacturing,271340
South Carolina,      Wholesale trade,90328
South Carolina,      Retail trade,316264
South Carolina,      Transportation and warehousing,143851
South Carolina,      Information,38736
South Carolina,      Finance and insurance,149595
South Carolina,      Real estate and rental and leasing,171311
South Carolina,"      Professional, scientific, and technical services",187183
South Carolina,      Management of companies and enterprises,29845
South Carolina,      Administrative and support and waste management and remediation services,230100
South Carolina,      Educational services,49296
South Carolina,      Health care and social assistance,256121
South Carolina,"      Arts, entertainment, and recreation",59880
South Carolina,      Accommodation and food services,254173
South Carolina,      Other services (except government and government enterprises),183111
South Carolina,    Government and government enterprises,402850
South Dakota,Employment by place of work,
South Dakota,Total employment (number of jobs),647960
South Dakota,By industry,
South Dakota,  Farm employment,32848
South Dakota,"      Forestry, fishing, and related activities",6359
South Dakota,"      Mining, quarrying, and oil and gas extraction",2399
South Dakota,      Utilities,2115
South Dakota,      Construction,38952
South Dakota,      Manufacturing,47401
South Dakota,      Wholesale trade,24011
South Dakota,      Retail trade,67453
South Dakota,      Transportation and warehousing,21021
South Dakota,      Information,7286
South Dakota,      Finance and insurance,45206
South Dakota,      Real estate and rental and leasing,34837
South Dakota,"      Professional, scientific, and technical services",27882
South Dakota,      Management of companies and enterprises,6417
South Dakota,      Administrative and support and waste management and remediation services,20917
South Dakota,      Educational services,10689
South Dakota,      Health care and social assistance,74940
South Dakota,"      Arts, entertainment, and recreation",13083
South Dakota,      Accommodation and food services,45325
South Dakota,      Other services (except government and government enterprises),32020
South Dakota,    Government and government enterprises,86799
Tennessee,Employment by place of work,
Tennessee,Total employment (number of jobs),4506394
Tennessee,By industry,
Tennessee,  Farm employment,75180
Tennessee,"      Forestry, fishing, and related activities",11695
Tennessee,"      Mining, quarrying, and oil and gas extraction",7963
Tennessee,      Utilities,4797
Tennessee,      Construction,266322
Tennessee,      Manufacturing,383023
Tennessee,      Wholesale trade,143728
Tennessee,      Retail trade,434129
Tennessee,      Transportation and warehousing,294538
Tennessee,      Information,69867
Tennessee,      Finance and insurance,235111
Tennessee,      Real estate and rental and leasing,218009
Tennessee,"      Professional, scientific, and technical services",274264
Tennessee,      Management of companies and enterprises,58775
Tennessee,      Administrative and support and waste management and remediation services,334232
Tennessee,      Educational services,90259
Tennessee,      Health care and social assistance,449740
Tennessee,"      Arts, entertainment, and recreation",100101
Tennessee,      Accommodation and food services,334891
Tennessee,      Other services (except government and government enterprises),268688
Tennessee,    Government and government enterprises,451082
Texas,Employment by place of work,
Texas,Total employment (number of jobs),19631436
Texas,By industry,
Texas,  Farm employment,273763
Texas,"      Forestry, fishing, and related activities",67486
Texas,"      Mining, quarrying, and oil and gas extraction",369093
Texas,      Utilities,62244
Texas,      Construction,1329912
Texas,      Manufacturing,1005501
Texas,      Wholesale trade,709293
Texas,      Retail trade,1755470
Texas,      Transportation and warehousing,1135209
Texas,      Information,300398
Texas,      Finance and insurance,1422491
Texas,      Real estate and rental and leasing,1041348
Texas,"      Professional, scientific, and technical services",1489923
Texas,      Management of companies and enterprises,253642
Texas,      Administrative and support and waste management and remediation services,1330700
Texas,      Educational services,324841
Texas,      Health care and social assistance,1821014
Texas,"      Arts, entertainment, and recreation",310360
Texas,      Accommodation and food services,1411591
Texas,      Other services (except government and government enterprises),1104379
Texas,    Government and government enterprises,2112778
Utah,Employment by place of work,
Utah,Total employment (number of jobs),2367996
Utah,By industry,
Utah,  Farm employment,21081
Utah,"      Forestry, fishing, and related activities",4704
Utah,"      Mining, quarrying, and oil and gas extraction",13730
Utah,      Utilities,5064
Utah,      Construction,166041
Utah,      Manufacturing,160756
Utah,      Wholesale trade,65904
Utah,      Retail trade,235054
Utah,      Transportation and warehousing,105686
Utah,      Information,54369
Utah,      Finance and insurance,174506
Utah,      Real estate and rental and leasing,154826
Utah,"      Professional, scientific, and technical services",194639
Utah,      Management of companies and enterprises,36775
Utah,      Administrative and support and waste management and remediation services,121592
Utah,      Educational services,77750
Utah,      Health care and social assistance,193936
Utah,"      Arts, entertainment, and recreation",51311
Utah,      Accommodation and food services,145448
Utah,      Other services (except government and government enterprises),111237
Utah,    Government and government enterprises,273587
Vermont,Employment by place of work,
Vermont,Total employment (number of jobs),436306
Vermont,By industry,
Vermont,  Farm employment,9359
Vermont,"      Forestry, fishing, and related activities",3375
Vermont,"      Mining, quarrying, and oil and gas extraction",1513
Vermont,      Utilities,1583
Vermont,      Construction,29182
Vermont,      Manufacturing,32382
Vermont,      Wholesale trade,10519
Vermont,      Retail trade,45749
Vermont,      Transportation and warehousing,9852
Vermont,      Information,6350
Vermont,      Finance and insurance,16665
Vermont,      Real estate and rental and leasing,20540
Vermont,"      Professional, scientific, and technical services",31367
Vermont,      Management of companies and enterprises,2402
Vermont,      Administrative and support and waste management and remediation services,19944
Vermont,      Educational services,17805
Vermont,      Health care and social assistance,57369
Vermont,"      Arts, entertainment, and recreation",11512
Vermont,      Accommodation and food services,32325
Vermont,      Other services (except government and government enterprises),21668
Vermont,    Government and government enterprises,54845
Virginia,Employment by place of work,
Virginia,Total employment (number of jobs),5599585
Virginia,By industry,
Virginia,  Farm employment,45900
Virginia,"      Forestry, fishing, and related activities",13625
Virginia,"      Mining, quarrying, and oil and gas extraction",9153
Virginia,      Utilities,11606
Virginia,      Construction,321219
Virginia,      Manufacturing,258604
Virginia,      Wholesale trade,129262
Virginia,      Retail trade,519275
Virginia,      Transportation and warehousing,274811
Virginia,      Information,92656
Virginia,      Finance and insurance,275590
Virginia,      Real estate and rental and leasing,292070
Virginia,"      Professional, scientific, and technical services",620179
Virginia,      Management of companies and enterprises,92830
Virginia,      Administrative and support and waste management and remediation services,342218
Virginia,      Educational services,113641
Virginia,      Health care and social assistance,530153
Virginia,"      Arts, entertainment, and recreation",115195
Virginia,      Accommodation and food services,361453
Virginia,      Other services (except government and government enterprises),317938
Virginia,    Government and government enterprises,862207
Washington,Employment by place of work,
Washington,Total employment (number of jobs),4815623
Washington,By industry,
Washington,  Farm employment,89467
Washington,"      Forestry, fishing, and related activities",42291
Washington,"      Mining, quarrying, and oil and gas extraction",6348
Washington,      Utilities,6229
Washington,      Construction,293062
Washington,      Manufacturing,284968
Washington,      Wholesale trade,151031
Washington,      Retail trade,426379
Washington,      Transportation and warehousing,252417
Washington,      Information,193803
Washington,      Finance and insurance,211247
Washington,      Real estate and rental and leasing,258438
Washington,"      Professional, scientific, and technical services",391687
Washington,      Management of companies and enterprises,110782
Washington,      Administrative and support and waste management and remediation services,236797
Washington,      Educational services,82243
Washington,      Health care and social assistance,511226
Washington,"      Arts, entertainment, and recreation",100348
Washington,      Accommodation and food services,300278
Washington,      Other services (except government and government enterprises),218666
Washington,    Government and government enterprises,647916
West Virginia,Employment by place of work,
West Virginia,Total employment (number of jobs),890610
West Virginia,By industry,
West Virginia,  Farm employment,22338
West Virginia,"      Forestry, fishing, and related activities",2994
West Virginia,"      Mining, quarrying, and oil and gas extraction",24806
West Virginia,      Utilities,5551
West Virginia,      Construction,45150
West Virginia,      Manufacturing,48883
West Virginia,      Wholesale trade,21064
West Virginia,      Retail trade,97670
West Virginia,      Transportation and warehousing,33234
West Virginia,      Information,10179
West Virginia,      Finance and insurance,29259
West Virginia,      Real estate and rental and leasing,31599
West Virginia,"      Professional, scientific, and technical services",42589
West Virginia,      Management of companies and enterprises,8800
West Virginia,      Administrative and support and waste management and remediation services,46004
West Virginia,      Educational services,12919
West Virginia,      Health care and social assistance,128835
West Virginia,"      Arts, entertainment, and recreation",15105
West Virginia,      Accommodation and food services,65901
West Virginia,      Other services (except government and government enterprises),46059
West Virginia,    Government and government enterprises,151671
Wisconsin,Employment by place of work,
Wisconsin,Total employment (number of jobs),3819180
Wisconsin,By industry,
Wisconsin,  Farm employment,85484
Wisconsin,"      Forestry, fishing, and related activities",11126
Wisconsin,"      Mining, quarrying, and oil and gas extraction",11126
Wisconsin,      Utilities,8631
Wisconsin,      Construction,196176
Wisconsin,      Manufacturing,498082
Wisconsin,      Wholesale trade,140598
Wisconsin,      Retail trade,377281
Wisconsin,      Transportation and warehousing,175071
Wisconsin,      Information,57824
Wisconsin,      Finance and insurance,212300
Wisconsin,      Real estate and rental and leasing,163042
Wisconsin,"      Professional, scientific, and technical services",194345
Wisconsin,      Management of companies and enterprises,68852
Wisconsin,      Administrative and support and waste management and remediation services,176759
Wisconsin,      Educational services,70308
Wisconsin,      Health care and social assistance,435496
Wisconsin,"      Arts, entertainment, and recreation",75520
Wisconsin,      Accommodation and food services,249004
Wisconsin,      Other services (except government and government enterprises),188388
Wisconsin,    Government and government enterprises,423767
Wyoming,Employment by place of work,
Wyoming,Total employment (number of jobs),436564
Wyoming,By industry,
Wyoming,  Farm employment,14283
Wyoming,"      Forestry, fishing, and related activities",3462
Wyoming,"      Mining, quarrying, and oil and gas extraction",20789
Wyoming,      Utilities,7478
Wyoming,      Construction,30141
Wyoming,      Manufacturing,7479
Wyoming,      Wholesale trade,9396
Wyoming,      Retail trade,39902
Wyoming,      Transportation and warehousing,17567
Wyoming,      Information,4905
Wyoming,      Finance and insurance,35536
Wyoming,      Real estate and rental and leasing,34015
Wyoming,"      Professional, scientific, and technical services",21334
Wyoming,      Management of companies and enterprises,2656
Wyoming,      Administrative and support and waste management and remediation services,15081
Wyoming,      Educational services,4744
Wyoming,      Health care and social assistance,30888
Wyoming,"      Arts, entertainment, and recreation",8566
Wyoming,      Accommodation and food services,36520
Wyoming,      Other services (except government and government enterprises),18596
Wyoming,    Government and government enterprises,73224
New England,Employment by place of work,
New England,Total employment (number of jobs),10309646
New England,By industry,
New England,  Farm employment,46942
New England,"      Forestry, fishing, and related activities",(D)
New England,"      Mining, quarrying, and oil and gas extraction",(D)
New England,      Utilities,(D)
New England,      Construction,572525
New England,      Manufacturing,624532
New England,      Wholesale trade,299808
New England,      Retail trade,949329
New England,      Transportation and warehousing,404091
New England,      Information,200823
New England,      Finance and insurance,712216
New England,      Real estate and rental and leasing,562412
New England,"      Professional, scientific, and technical services",922378
New England,      Management of companies and enterprises,152512
New England,      Administrative and support and waste management and remediation services,532654
New England,      Educational services,453286
New England,      Health care and social assistance,1383902
New England,"      Arts, entertainment, and recreation",242203
New England,      Accommodation and food services,656658
New England,      Other services (except government and government enterprises),496267
New England,    Government and government enterprises,1026056
Mideast,Employment by place of work,
Mideast,Total employment (number of jobs),32219083
Mideast,By industry,
Mideast,  Farm employment,157171
Mideast,"      Forestry, fishing, and related activities",(D)
Mideast,"      Mining, quarrying, and oil and gas extraction",53760
Mideast,      Utilities,95959
Mideast,      Construction,1526696
Mideast,      Manufacturing,(D)
Mideast,      Wholesale trade,953205
Mideast,      Retail trade,2752682
Mideast,      Transportation and warehousing,1739097
Mideast,      Information,651530
Mideast,      Finance and insurance,2348379
Mideast,      Real estate and rental and leasing,2004153
Mideast,"      Professional, scientific, and technical services",2748024
Mideast,      Management of companies and enterprises,477406
Mideast,      Administrative and support and waste management and remediation services,1751089
Mideast,      Educational services,1102541
Mideast,      Health care and social assistance,4261167
Mideast,"      Arts, entertainment, and recreation",729202
Mideast,      Accommodation and food services,1956198
Mideast,      Other services (except government and government enterprises),1714345
Mideast,    Government and government enterprises,3682100
Great Lakes,Employment by place of work,
Great Lakes,Total employment (number of jobs),29223389
Great Lakes,By industry,
Great Lakes,  Farm employment,360347
Great Lakes,"      Forestry, fishing, and related activities",(D)
Great Lakes,"      Mining, quarrying, and oil and gas extraction",(D)
Great Lakes,      Utilities,87896
Great Lakes,      Construction,1443942
Great Lakes,      Manufacturing,2992708
Great Lakes,      Wholesale trade,1058468
Great Lakes,      Retail trade,2737866
Great Lakes,      Transportation and warehousing,1656606
Great Lakes,      Information,387608
Great Lakes,      Finance and insurance,1699886
Great Lakes,      Real estate and rental and leasing,1385408
Great Lakes,"      Professional, scientific, and technical services",1913349
Great Lakes,      Management of companies and enterprises,439573
Great Lakes,      Administrative and support and waste management and remediation services,1777146
Great Lakes,      Educational services,617161
Great Lakes,      Health care and social assistance,3350475
Great Lakes,"      Arts, entertainment, and recreation",554700
Great Lakes,      Accommodation and food services,1950880
Great Lakes,      Other services (except government and government enterprises),1590982
Great Lakes,    Government and government enterprises,3077293
Plains,Employment by place of work,
Plains,Total employment (number of jobs),14483324
Plains,By industry,
Plains,  Farm employment,436411
Plains,"      Forestry, fishing, and related activities",81930
Plains,"      Mining, quarrying, and oil and gas extraction",79893
Plains,      Utilities,44723
Plains,      Construction,790548
Plains,      Manufacturing,1221580
Plains,      Wholesale trade,511624
Plains,      Retail trade,1389750
Plains,      Transportation and warehousing,687609
Plains,      Information,203020
Plains,      Finance and insurance,916708
Plains,      Real estate and rental and leasing,695698
Plains,"      Professional, scientific, and technical services",819431
Plains,      Management of companies and enterprises,245833
Plains,      Administrative and support and waste management and remediation services,676551
Plains,      Educational services,300697
Plains,      Health care and social assistance,1677067
Plains,"      Arts, entertainment, and recreation",278816
Plains,      Accommodation and food services,915602
Plains,      Other services (except government and government enterprises),733698
Plains,    Government and government enterprises,1776135
Southeast,Employment by place of work,
Southeast,Total employment (number of jobs),53607769
Southeast,By industry,
Southeast,  Farm employment,606945
Southeast,"      Forestry, fishing, and related activities",230421
Southeast,"      Mining, quarrying, and oil and gas extraction",169442
Southeast,      Utilities,145235
Southeast,      Construction,3193554
Southeast,      Manufacturing,3373978
Southeast,      Wholesale trade,1654479
Southeast,      Retail trade,5231540
Southeast,      Transportation and warehousing,2967065
Southeast,      Information,815985
Southeast,      Finance and insurance,3011012
Southeast,      Real estate and rental and leasing,3053720
Southeast,"      Professional, scientific, and technical services",3813635
Southeast,      Management of companies and enterprises,689891
Southeast,      Administrative and support and waste management and remediation services,3840141
Southeast,      Educational services,1003735
Southeast,      Health care and social assistance,5336284
Southeast,"      Arts, entertainment, and recreation",1109167
Southeast,      Accommodation and food services,3924578
Southeast,      Other services (except government and government enterprises),3198862
Southeast,    Government and government enterprises,6238100
Southwest,Employment by place of work,
Southwest,Total employment (number of jobs),27471405
Southwest,By industry,
Southwest,  Farm employment,411576
Southwest,"      Forestry, fishing, and related activities",100308
Southwest,"      Mining, quarrying, and oil and gas extraction",498729
Southwest,      Utilities,89624
Southwest,      Construction,1804594
Southwest,      Manufacturing,1382524
Southwest,      Wholesale trade,926010
Southwest,      Retail trade,2524523
Southwest,      Transportation and warehousing,1535404
Southwest,      Information,409098
Southwest,      Finance and insurance,1901399
Southwest,      Real estate and rental and leasing,1475625
Southwest,"      Professional, scientific, and technical services",1996089
Southwest,      Management of companies and enterprises,341216
Southwest,      Administrative and support and waste management and remediation services,1858879
Southwest,      Educational services,467863
Southwest,      Health care and social assistance,2666285
Southwest,"      Arts, entertainment, and recreation",457577
Southwest,      Accommodation and food services,1991750
Southwest,      Other services (except government and government enterprises),1506073
Southwest,    Government and government enterprises,3126259
Rocky Mountain,Employment by place of work,
Rocky Mountain,Total employment (number of jobs),8929322
Rocky Mountain,By industry,
Rocky Mountain,  Farm employment,154330
Rocky Mountain,"      Forestry, fishing, and related activities",44521
Rocky Mountain,"      Mining, quarrying, and oil and gas extraction",93356
Rocky Mountain,      Utilities,(D)
Rocky Mountain,      Construction,627461
Rocky Mountain,      Manufacturing,(D)
Rocky Mountain,      Wholesale trade,265096
Rocky Mountain,      Retail trade,823411
Rocky Mountain,      Transportation and warehousing,396959
Rocky Mountain,      Information,180019
Rocky Mountain,      Finance and insurance,583651
Rocky Mountain,      Real estate and rental and leasing,594807
Rocky Mountain,"      Professional, scientific, and technical services",759505
Rocky Mountain,      Management of companies and enterprises,108142
Rocky Mountain,      Administrative and support and waste management and remediation services,451518
Rocky Mountain,      Educational services,202563
Rocky Mountain,      Health care and social assistance,793734
Rocky Mountain,"      Arts, entertainment, and recreation",213754
Rocky Mountain,      Accommodation and food services,633537
Rocky Mountain,      Other services (except government and government enterprises),434932
Rocky Mountain,    Government and government enterprises,1095736
Far West,Employment by place of work,
Far West,Total employment (number of jobs),36198062
Far West,By industry,
Far West,  Farm employment,393278
Far West,"      Forestry, fishing, and related activities",351413
Far West,"      Mining, quarrying, and oil and gas extraction",81150
Far West,      Utilities,90352
Far West,      Construction,1908480
Far West,      Manufacturing,2013450
Far West,      Wholesale trade,1088610
Far West,      Retail trade,3101199
Far West,      Transportation and warehousing,2086669
Far West,      Information,1013817
Far West,      Finance and insurance,1809049
Far West,      Real estate and rental and leasing,2060377
Far West,"      Professional, scientific, and technical services",3005989
Far West,      Management of companies and enterprises,499227
Far West,      Administrative and support and waste management and remediation services,2170322
Far West,      Educational services,737854
Far West,      Health care and social assistance,4076586
Far West,"      Arts, entertainment, and recreation",871881
Far West,      Accommodation and food services,2721097
Far West,      Other services (except government and government enterprises),1940941
Far West,    Government and government enterprises,4176321